<?xml version="1.0" encoding="UTF-8"?>
<configuration>
    <property name="LOG_DIR" value="D:/logs/eKYC" /> <!-- Change to your desired log directory -->

    <!-- Define appenders -->
    <appender name="console" class="ch.qos.logback.core.ConsoleAppender">
      <layout class="ch.qos.logback.classic.PatternLayout">
            <Pattern>%d{DATE} %5p - %m%n</Pattern>
        </layout>
    </appender>
    
    <appender name="KuaAppender" class="ch.qos.logback.core.rolling.RollingFileAppender">
        <file>${LOG_DIR}/kua2_5.log</file>
        <rollingPolicy class="ch.qos.logback.core.rolling.SizeAndTimeBasedRollingPolicy">
            <fileNamePattern>${LOG_DIR}/old/kua2_5.%d{yyyy-MM-dd}.%i.log</fileNamePattern>
            <maxFileSize>100MB</maxFileSize>
            <maxHistory>10000</maxHistory>
        </rollingPolicy>
        <layout class="ch.qos.logback.classic.PatternLayout">
            <Pattern>%d{DATE} %5p - %m%n</Pattern>
        </layout>
    </appender>

    <appender name="KsaAppender" class="ch.qos.logback.core.rolling.RollingFileAppender">
        <file>${LOG_DIR}/ksa2_5.log</file>
        <rollingPolicy class="ch.qos.logback.core.rolling.SizeAndTimeBasedRollingPolicy">
            <fileNamePattern>${LOG_DIR}/old/ksa2_5.%d{yyyy-MM-dd}.%i.log</fileNamePattern>
            <maxFileSize>100MB</maxFileSize>
            <maxHistory>10000</maxHistory>
        </rollingPolicy>
        <layout class="ch.qos.logback.classic.PatternLayout">
            <Pattern>%d{DATE} %5p - %m%n</Pattern>
        </layout>
    </appender>

    <appender name="DbFailAppender" class="ch.qos.logback.core.rolling.RollingFileAppender">
        <file>${LOG_DIR}/dbFail.log</file>
        <rollingPolicy class="ch.qos.logback.core.rolling.SizeAndTimeBasedRollingPolicy">
            <fileNamePattern>${LOG_DIR}/old/dbFail.%d{yyyy-MM-dd}.%i.log</fileNamePattern>
            <maxFileSize>100MB</maxFileSize>
            <maxHistory>10000</maxHistory>
        </rollingPolicy>
        <layout class="ch.qos.logback.classic.PatternLayout">
            <Pattern>%d{DATE} %5p - %m%n</Pattern>
        </layout>
    </appender>

    <!-- Define loggers -->
    <logger name="kua" level="DEBUG">
        <appender-ref ref="KuaAppender" />
    </logger>

    <logger name="ksa" level="DEBUG">
        <appender-ref ref="KsaAppender" />
    </logger>

    <logger name="dbFail" level="DEBUG">
        <appender-ref ref="DbFailAppender" />
        
    </logger>

    <root level="INFO">
        <appender-ref ref="console" />
    </root>
</configuration>
