<?xml version="1.0" encoding="UTF-8"?>
<configuration>
    <property name="LOG_DIR" value="D:/logs/auth25_1" /> <!-- Change to your desired log directory -->

    <!-- Define appenders -->
    <appender name="console" class="ch.qos.logback.core.ConsoleAppender">
      <layout class="ch.qos.logback.classic.PatternLayout">
            <Pattern>%d{DATE} %5p - %m%n</Pattern>
        </layout>
    </appender>
    
    <appender name="AuaAppender" class="ch.qos.logback.core.rolling.RollingFileAppender">
        <file>${LOG_DIR}/aua2_5_1.log</file>
        <rollingPolicy class="ch.qos.logback.core.rolling.SizeAndTimeBasedRollingPolicy">
            <fileNamePattern>${LOG_DIR}/old/aua2_5_1.%d{yyyy-MM-dd}.%i.log</fileNamePattern>
            <maxFileSize>100MB</maxFileSize>
            <maxHistory>10000</maxHistory>
        </rollingPolicy>
        <layout class="ch.qos.logback.classic.PatternLayout">
            <Pattern>%d{DATE} %5p - %m%n</Pattern>
        </layout>
    </appender>

    <appender name="AsaAppender" class="ch.qos.logback.core.rolling.RollingFileAppender">
        <file>${LOG_DIR}/asa2_5_1.log</file>
        <rollingPolicy class="ch.qos.logback.core.rolling.SizeAndTimeBasedRollingPolicy">
            <fileNamePattern>${LOG_DIR}/old/asa2_5_1.%d{yyyy-MM-dd}.%i.log</fileNamePattern>
            <maxFileSize>100MB</maxFileSize>
            <maxHistory>10000</maxHistory>
        </rollingPolicy>
        <layout class="ch.qos.logback.classic.PatternLayout">
            <Pattern>%d{DATE} %5p - %m%n</Pattern>
        </layout>
    </appender>

    <appender name="DbFailAppender" class="ch.qos.logback.core.rolling.RollingFileAppender">
        <file>${LOG_DIR}/dbFail.log</file>
        <rollingPolicy class="ch.qos.logback.core.rolling.SizeAndTimeBasedRollingPolicy">
            <fileNamePattern>${LOG_DIR}/old/dbFail.%d{yyyy-MM-dd}.%i.log</fileNamePattern>
            <maxFileSize>100MB</maxFileSize>
            <maxHistory>10000</maxHistory>
        </rollingPolicy>
        <layout class="ch.qos.logback.classic.PatternLayout">
            <Pattern>%d{DATE} %5p - %m%n</Pattern>
        </layout>
    </appender>

    <!-- Define loggers -->
    <logger name="aua" level="DEBUG">
        <appender-ref ref="AuaAppender" />
    </logger>

    <logger name="asa" level="DEBUG">
        <appender-ref ref="AsaAppender" />
    </logger>

    <logger name="dbFail" level="DEBUG">
        <appender-ref ref="DbFailAppender" />
        
    </logger>

    <root level="INFO">
        <appender-ref ref="console" />
    </root>
</configuration>
